train_accuracy,train_balanced_acc,train_precision,train_recall,train_f1,train_roc_auc,train_pr_auc,val_accuracy,val_balanced_acc,val_precision,val_recall,val_f1,val_roc_auc,val_pr_auc,test_accuracy,test_balanced_acc,test_precision,test_recall,test_f1,test_roc_auc,test_pr_auc,fitting_time_s,lambda
0.7419354838709677,0.7387669801462905,0.7428571428571429,0.7878787878787878,0.7647058823529412,0.8746081504702194,0.9097528437179228,0.8095238095238095,0.8090909090909091,0.8,0.8,0.8000000000000002,0.8181818181818182,0.802603785103785,0.6190476190476191,0.6227272727272727,0.6666666666666666,0.5454545454545454,0.6,0.6818181818181818,0.6625951002745262,5.750196144,3.2245017596167056
