train_accuracy,train_balanced_acc,train_precision,train_recall,train_f1,train_roc_auc,train_pr_auc,val_accuracy,val_balanced_acc,val_precision,val_recall,val_f1,val_roc_auc,val_pr_auc,test_accuracy,test_balanced_acc,test_precision,test_recall,test_f1,test_roc_auc,test_pr_auc,fitting_time_s
0.736,0.7437012869313033,0.6283924843423799,0.7777777777777778,0.6951501154734411,0.8148935004278531,0.7405342728169008,0.8,0.7916666666666667,0.75,0.75,0.75,0.8046875,0.7448726800019903,0.8,0.8125,0.7,0.875,0.7777777777777777,0.9401041666666666,0.9068275851563895,1.144468515
