train_accuracy,train_balanced_acc,train_precision,train_recall,train_f1,train_roc_auc,train_pr_auc,val_accuracy,val_balanced_acc,val_precision,val_recall,val_f1,val_roc_auc,val_pr_auc,test_accuracy,test_balanced_acc,test_precision,test_recall,test_f1,test_roc_auc,test_pr_auc,fitting_time_s,lambda
0.8161764705882353,0.8670212765957447,0.6268656716417911,1.0,0.7706422018348624,0.7611448834853091,0.4615166940298051,0.7058823529411765,0.8076923076923077,0.4444444444444444,1.0,0.6153846153846153,0.6153846153846154,0.3179563492063492,0.8888888888888888,0.875,0.8333333333333334,1.0,0.9090909090909091,0.775,0.7460245310245309,125.430783807,26.381439290796784
