train_accuracy,train_balanced_acc,train_precision,train_recall,train_f1,train_roc_auc,train_pr_auc,val_accuracy,val_balanced_acc,val_precision,val_recall,val_f1,val_roc_auc,val_pr_auc,test_accuracy,test_balanced_acc,test_precision,test_recall,test_f1,test_roc_auc,test_pr_auc,fitting_time_s,lambda
0.6212121212121212,0.6212121212121212,0.6333333333333333,0.5757575757575758,0.6031746031746033,0.685032139577594,0.6540521051430308,0.8636363636363636,0.8846153846153846,1.0,0.7692307692307693,0.8695652173913044,0.9572649572649573,0.9732495069033527,0.7272727272727273,0.7008547008547008,0.7142857142857143,0.5555555555555556,0.6250000000000001,0.8290598290598291,0.8083231583231585,9.912495321,9.643733157078836
